customer_id,name,country,age,spending,orders,signup_source
1001,Alice,Nigeria,24.0,120,3,Google
1002,Bob,Ghana,32.0,250,5,Referral
1003,Charlie,Nigeria,,90,2,Google
1004,David,Kenya,29.0,180,4,Ads
1005,Eve,Nigeria,24.0,120,3,Google
1006,Frank,Ghana,41.0,310,7,Referral
1007,Grace,Kenya,27.0,150,3,Ads
1008,Henry,Nigeria,35.0,unknown,6,Google
1009,Ivy,Ghana,22.0,80,2,Referral
1010,Jack,Nigeria,,200,4,Ads
1011,Karen,Nigeria,31.0,340,8,Google
1012,Leo,Kenya,26.0,110,2,Ads
1013,Mia,Ghana,38.0,290,6,Referral
1014,Noah,Nigeria,28.0,175,4,Google
1015,Olivia,Kenya,45.0,400,9,Ads
1016,Paul,Ghana,23.0,95,2,Referral
1017,Queen,Nigeria,34.0,260,5,Google
1018,Ryan,Kenya,30.0,210,5,Ads
1019,Sarah,Nigeria,,130,3,Google
1020,Tom,Ghana,29.0,225,4,Referral
1005,Eve,Nigeria,24.0,120,3,Google
